{"ratio": [], "shift": [["admin,EMPLOYE", 0], ["admin,LIGUE", 0]], "colors": [["annotation_color", "#3288bd"], ["annotation_text_color", "#ffffbf"], ["association_attribute_text_color", "#000000"], ["association_cartouche_color", "#abdda4"], ["association_cartouche_text_color", "#000000"], ["association_color", "#e6f598"], ["association_stroke_color", "#66c2a5"], ["background_color", "#ffffbf"], ["card_text_color", "#d53e4f"], ["entity_attribute_text_color", "#000000"], ["entity_cartouche_color", "#fdae61"], ["entity_cartouche_text_color", "#000000"], ["entity_color", "#fee08b"], ["entity_stroke_color", "#f46d43"], ["leg_stroke_color", "#66c2a5"], ["transparent_color", "none"]], "cy": [["EMPLOYE", 60], ["admin", 60], ["LIGUE", 60]], "cx": [["EMPLOYE", 43], ["admin", 150], ["LIGUE", 247]], "size": [280, 120]}